Product_Name,Category,Stock_Quantity,Reorder_Level,Reorder_Quantity,Unit_Price,Sales_Volume,Inventory_Turnover_Rate,Status
Sushi Rice,Grains & Pulses,22,72,70,$4.50 ,32,19,Discontinued
Arabica Coffee,Beverages,45,77,2,$20.00 ,85,1,Discontinued
Black Rice,Grains & Pulses,30,38,83,$6.00 ,31,34,Backordered
Long Grain Rice,Grains & Pulses,12,59,62,$1.50 ,95,99,Active
Plum,Fruits & Vegetables,37,30,74,$4.00 ,62,25,Backordered
All-Purpose Flour,Grains & Pulses,55,33,14,$1.75 ,34,62,Discontinued
Corn Oil,Oils & Fats,96,52,16,$2.50 ,67,13,Active
Egg (Goose),Dairy,44,90,17,$2.50 ,21,91,Discontinued
Greek Yogurt,Dairy,91,84,11,$3.00 ,56,90,Active
Egg (Duck),Dairy,43,10,15,$1.00 ,27,69,Active
Long Grain Rice,Grains & Pulses,62,81,91,$1.60 ,100,42,Discontinued
White Sugar,Grains & Pulses,91,98,6,$2.00 ,100,20,Backordered
Rye Bread,Bakery,26,79,31,$3.00 ,47,41,Discontinued
Plum,Fruits & Vegetables,95,50,76,$4.00 ,69,5,Active
Strawberries,Fruits & Vegetables,54,26,16,$6.00 ,63,97,Active
Feta Cheese,Dairy,94,13,15,$7.00 ,20,24,Backordered
Bread Flour,Grains & Pulses,27,93,88,$1.50 ,66,13,Active
Swiss Cheese,Dairy,49,49,26,$8.00 ,78,61,Discontinued
Arabica Coffee,Beverages,55,93,84,$20.00 ,46,84,Active
White Sugar,Grains & Pulses,65,61,82,$2.00 ,29,11,Backordered
Spinach,Fruits & Vegetables,72,70,99,$2.50 ,82,32,Discontinued
Trout,Seafood,49,73,48,$12.00 ,52,62,Active
Green Beans,Fruits & Vegetables,81,99,28,$2.00 ,20,85,Discontinued
Cabbage,Fruits & Vegetables,88,46,55,$1.00 ,73,63,Active
Parmesan Cheese,Dairy,63,4,85,$12.00 ,59,71,Active
Raw Sugar,Grains & Pulses,31,43,80,$1.50 ,46,78,Backordered
Egg (Quail),Dairy,97,88,81,$0.80 ,97,18,Discontinued
Mushrooms,Fruits & Vegetables,72,87,39,$6.00 ,94,57,Active
Oatmeal Biscuit,Bakery,16,9,32,$5.00 ,50,98,Backordered
Pear,Fruits & Vegetables,77,20,5,$4.50 ,61,62,Discontinued
Cucumber,Fruits & Vegetables,19,36,72,$1.75 ,31,81,Backordered
Pineapple,Fruits & Vegetables,18,52,22,$3.50 ,42,32,Backordered
Olive Oil,Oils & Fats,47,48,73,$6.00 ,42,51,Discontinued
Herbal Tea,Beverages,77,45,75,$30.00 ,25,37,Discontinued
Haddock,Seafood,46,28,73,$9.00 ,65,57,Discontinued
Onion,Fruits & Vegetables,39,22,73,$2.00 ,60,2,Active
Sushi Rice,Grains & Pulses,75,69,100,$4.50 ,43,18,Backordered
Pineapple,Fruits & Vegetables,48,48,39,$3.45 ,51,50,Discontinued
Zucchini,Fruits & Vegetables,61,90,26,$2.50 ,79,84,Discontinued
Short Grain Rice,Grains & Pulses,60,90,85,$3.00 ,47,9,Discontinued
Mango,Fruits & Vegetables,24,55,51,$5.00 ,39,15,Discontinued
Lemon,Fruits & Vegetables,12,7,48,$2.30 ,66,4,Discontinued
Black Coffee,Beverages,84,13,88,$15.00 ,25,34,Backordered
Butter,Dairy,51,100,70,$3.00 ,40,21,Discontinued
Multigrain Bread,Bakery,65,36,37,$3.50 ,32,70,Backordered
Long Grain Rice,Grains & Pulses,67,88,32,$1.50 ,66,42,Discontinued
Bread Flour,Grains & Pulses,14,74,71,$1.50 ,37,22,Discontinued
Kiwi,Fruits & Vegetables,45,24,61,$6.00 ,44,34,Backordered
Mango,Fruits & Vegetables,92,46,13,$5.00 ,24,75,Discontinued
Sourdough Bread,Bakery,41,84,90,$4.00 ,42,65,Active
Short Grain Rice,Grains & Pulses,41,36,78,$4.50 ,38,75,Backordered
Orange,Fruits & Vegetables,85,45,71,$3.00 ,95,72,Discontinued
Pineapple,Fruits & Vegetables,44,80,84,$3.40 ,96,68,Discontinued
White Bread,Bakery,92,87,84,$2.50 ,61,31,Backordered
Green Coffee,Beverages,62,89,18,$12.00 ,35,36,Active
Zucchini,Fruits & Vegetables,26,18,62,$2.50 ,57,86,Discontinued
Sourdough Bread,Bakery,59,78,6,$4.50 ,32,3,Active
Orange,Fruits & Vegetables,88,37,61,$2.90 ,63,35,Discontinued
Sardines,Seafood,91,59,49,$6.00 ,30,63,Active
Olive Oil,Oils & Fats,28,17,28,$6.00 ,38,25,Active
Carrot,Fruits & Vegetables,51,60,98,$1.50 ,44,95,Discontinued
Black Tea,Beverages,46,27,76,$5.00 ,64,96,Active
Pear,Fruits & Vegetables,82,65,69,$4.45 ,30,78,Backordered
Olive Oil,Oils & Fats,100,92,26,$6.00 ,84,9,Active
Ricotta Cheese,Dairy,51,53,88,$6.00 ,54,59,Discontinued
Black Coffee,Beverages,61,43,29,$15.00 ,67,6,Discontinued
White Tea,Beverages,99,87,10,$25.00 ,93,70,Active
Cucumber,Fruits & Vegetables,13,60,100,$1.80 ,44,32,Backordered
Mozzarella Cheese,Dairy,45,63,75,$7.00 ,83,5,Discontinued
Broccoli,Fruits & Vegetables,73,87,46,$4.00 ,47,67,Discontinued
Eggplant,Fruits & Vegetables,39,21,5,$3.00 ,51,98,Backordered
Trout,Seafood,29,72,96,$12.00 ,85,52,Active
Heavy Cream,Dairy,12,60,73,$4.00 ,20,35,Discontinued
Bell Pepper,Fruits & Vegetables,96,33,72,$4.45 ,74,100,Active
Onion,Fruits & Vegetables,35,92,74,$2.00 ,76,32,Active
Sardines,Seafood,89,34,15,$6.00 ,60,2,Discontinued
Mango,Fruits & Vegetables,60,36,28,$4.50 ,26,29,Active
Arborio Rice,Grains & Pulses,20,34,74,$4.50 ,50,83,Discontinued
Potato,Fruits & Vegetables,28,40,27,$1.20 ,30,56,Active
Corn Oil,Oils & Fats,20,55,15,$2.50 ,86,61,Backordered
Butter Biscuit,Bakery,38,93,61,$6.00 ,67,100,Active
Peas,Fruits & Vegetables,99,1,4,$3.00 ,50,53,Backordered
Cream,Dairy,92,52,80,$2.50 ,72,96,Discontinued
Spinach,Fruits & Vegetables,41,29,76,$2.40 ,59,4,Discontinued
Sardines,Seafood,44,67,48,$6.00 ,90,11,Active
White Sugar,Grains & Pulses,47,7,63,$2.00 ,29,20,Backordered
Bread Flour,Grains & Pulses,21,63,65,$1.50 ,38,73,Discontinued
Cucumber,Fruits & Vegetables,85,33,50,$1.80 ,64,38,Discontinued
Swiss Cheese,Dairy,29,4,17,$8.00 ,59,52,Active
Peanut Oil,Oils & Fats,64,21,13,$4.00 ,51,26,Backordered
Blueberries,Fruits & Vegetables,66,40,96,$10.00 ,24,61,Active
Chocolate Biscuit,Bakery,75,81,17,$5.00 ,69,38,Active
Cheese,Dairy,53,63,2,$9.00 ,56,95,Active
Palm Oil,Oils & Fats,43,63,80,$1.80 ,33,96,Discontinued
Eggplant,Fruits & Vegetables,74,30,24,$3.00 ,82,12,Active
Garlic,Fruits & Vegetables,27,22,89,$7.00 ,91,77,Discontinued
Jasmine Rice,Grains & Pulses,91,73,77,$4.75 ,51,49,Discontinued
Rice Flour,Grains & Pulses,52,81,53,$2.00 ,95,88,Backordered
Zucchini,Fruits & Vegetables,43,66,85,$2.50 ,66,65,Discontinued
Multigrain Bread,Bakery,56,86,23,$3.20 ,67,56,Backordered
Ricotta Cheese,Dairy,66,40,8,$6.00 ,43,49,Active
Bread Flour,Grains & Pulses,84,92,18,$1.50 ,92,69,Active
Cottage Cheese,Dairy,37,5,1,$5.00 ,68,99,Active
Whipped Cream,Dairy,29,36,40,$4.00 ,60,96,Backordered
Almond Flour,Grains & Pulses,13,88,7,$9.50 ,24,21,Backordered
Lemon,Fruits & Vegetables,63,81,94,$2.50 ,56,2,Active
Tilapia,Seafood,95,63,73,$7.00 ,61,38,Backordered
Lettuce,Fruits & Vegetables,58,5,1,$2.00 ,53,80,Active
Peanut Oil,Oils & Fats,57,36,53,$4.00 ,56,32,Backordered
Sardines,Seafood,33,18,92,$6.00 ,98,56,Discontinued
Arabica Coffee,Beverages,62,89,6,$20.00 ,23,11,Discontinued
Coconut,Fruits & Vegetables,89,57,92,$5.00 ,38,16,Active
Cod,Seafood,23,42,87,$8.00 ,63,5,Backordered
Banana,Fruits & Vegetables,56,12,59,$98.43 ,35,16,Active
Black Rice,Grains & Pulses,86,100,74,$6.10 ,80,94,Active
Pomegranate,Fruits & Vegetables,60,61,2,$6.00 ,96,50,Active
Pineapple,Fruits & Vegetables,70,30,69,$3.50 ,44,42,Discontinued
Peach,Fruits & Vegetables,47,72,73,$4.00 ,93,27,Backordered
Arborio Rice,Grains & Pulses,95,93,16,$4.50 ,60,19,Active
Plum,Fruits & Vegetables,20,42,21,$3.85 ,61,25,Discontinued
Sushi Rice,Grains & Pulses,19,17,14,$4.30 ,58,23,Active
Arabica Coffee,Beverages,74,72,18,$21.00 ,83,54,Active
Pear,Fruits & Vegetables,61,50,9,$4.50 ,24,92,Active
Sourdough Bread,Bakery,34,42,86,$4.00 ,28,23,Discontinued
Pear,Fruits & Vegetables,29,20,85,$4.50 ,31,31,Active
Heavy Cream,Dairy,14,99,97,$4.20 ,28,45,Discontinued
White Rice,Grains & Pulses,20,20,56,$1.80 ,62,69,Backordered
Cauliflower,Grains & Pulses,40,38,32,$3.20 ,21,45,Backordered
Canola Oil,Oils & Fats,91,82,58,$2.30 ,43,45,Discontinued
Avocado Oil,Oils & Fats,99,96,39,$10.00 ,94,89,Backordered
Bread Flour,Grains & Pulses,34,46,45,$1.50 ,49,25,Backordered
Gouda Cheese,Dairy,100,21,64,$7.00 ,20,13,Backordered
Black Rice,Grains & Pulses,79,98,97,$6.00 ,26,21,Backordered
Greek Yogurt,Dairy,62,2,98,$3.00 ,50,11,Discontinued
Tuna,Seafood,25,44,96,$18.00 ,36,16,Active
Buttermilk,Dairy,47,2,76,$2.50 ,48,36,Discontinued
Orange,Fruits & Vegetables,15,44,88,$3.00 ,56,12,Discontinued
Pomegranate,Fruits & Vegetables,19,65,48,$6.00 ,59,53,Discontinued
Tuna,Seafood,58,77,96,$18.00 ,25,17,Discontinued
Sour Cream,Dairy,11,30,4,$4.00 ,84,4,Active
Rice Flour,Grains & Pulses,99,44,52,$2.00 ,36,2,Discontinued
Long Grain Rice,Grains & Pulses,26,82,19,$1.50 ,76,88,Active
Bell Pepper,Fruits & Vegetables,70,31,55,$4.50 ,23,80,Discontinued
Bell Pepper,Fruits & Vegetables,50,3,88,$4.50 ,69,73,Discontinued
Pineapple,Fruits & Vegetables,55,91,35,$3.50 ,81,19,Active
Cod,Seafood,31,87,19,$8.00 ,41,10,Active
Green Tea,Beverages,63,92,26,$8.00 ,93,99,Active
Sardines,Seafood,73,31,49,$6.00 ,22,47,Discontinued
Sourdough Bread,Bakery,12,86,98,$4.00 ,75,86,Discontinued
Short Grain Rice,Grains & Pulses,53,86,54,$3.00 ,44,3,Discontinued
Powdered Sugar,Grains & Pulses,68,7,37,$2.50 ,69,1,Discontinued
Swiss Cheese,Dairy,80,9,29,$8.10 ,54,62,Active
Tuna,Seafood,92,68,79,$18.00 ,40,57,Discontinued
Cucumber,Fruits & Vegetables,31,98,72,$1.80 ,91,29,Active
Eggplant,Fruits & Vegetables,31,44,9,$3.00 ,46,9,Discontinued
Garlic,Fruits & Vegetables,76,97,20,$7.00 ,52,82,Discontinued
Vegetable Oil,Oils & Fats,57,99,23,$2.00 ,89,21,Backordered
Whipped Cream,Dairy,92,99,93,$4.00 ,43,90,Discontinued
Cheddar Cheese,Dairy,88,74,97,$9.00 ,79,5,Active
Coconut,Fruits & Vegetables,99,8,27,$5.00 ,41,50,Discontinued
Egg (Turkey),Dairy,44,84,63,$2.50 ,51,67,Discontinued
Herbal Tea,Beverages,48,77,81,$31.00 ,70,74,Backordered
Sesame Oil,Oils & Fats,27,92,56,$6.50 ,29,32,Discontinued
Black Rice,Grains & Pulses,34,96,76,$6.15 ,90,34,Discontinued
Orange,Fruits & Vegetables,41,94,4,$3.00 ,88,92,Discontinued
Black Tea,Beverages,56,12,85,$5.00 ,52,46,Active
Asparagus,Fruits & Vegetables,22,40,7,$5.00 ,98,60,Active
Palm Oil,Oils & Fats,40,2,58,$1.80 ,71,10,Active
Swiss Cheese,Dairy,50,99,73,$8.00 ,42,1,Backordered
Mango,Fruits & Vegetables,89,92,62,$4.80 ,46,11,Backordered
Egg (Turkey),Dairy,76,54,76,$2.50 ,69,27,Backordered
Whole Wheat Flour,Grains & Pulses,67,60,21,$2.75 ,30,6,Active
Robusta Coffee,Beverages,62,78,97,$10.00 ,62,97,Discontinued
Watermelon,Fruits & Vegetables,75,10,68,$3.00 ,90,42,Active
Green Coffee,Beverages,75,47,33,$12.50 ,33,12,Discontinued
Cream,Dairy,29,32,26,$2.50 ,64,85,Discontinued
Oatmeal Biscuit,Bakery,34,55,22,$5.00 ,77,85,Active
Green Tea,Beverages,15,66,85,$8.00 ,60,40,Backordered
Anchovies,Seafood,88,56,81,$10.00 ,98,86,Discontinued
Cheddar Cheese,Dairy,40,81,40,$9.00 ,40,48,Backordered
Avocado Oil,Oils & Fats,10,86,23,$10.00 ,24,52,Backordered
Arabica Coffee,Beverages,21,87,12,$21.00 ,20,38,Discontinued
Trout,Seafood,75,25,99,$12.00 ,89,42,Active
Cod,Seafood,56,50,80,$8.00 ,99,5,Discontinued
Rye Bread,Bakery,69,65,91,$3.00 ,98,50,Backordered
Basmati Rice,Grains & Pulses,56,53,77,$4.50 ,69,69,Active
White Sugar,Grains & Pulses,24,69,2,$2.00 ,20,20,Backordered
Sourdough Bread,Bakery,30,85,21,$4.50 ,32,83,Discontinued
White Tea,Beverages,36,90,57,$25.00 ,35,68,Backordered
White Bread,Bakery,93,76,82,$2.50 ,76,51,Backordered
Mozzarella Cheese,Dairy,96,38,17,$7.00 ,72,84,Active
Peanut Oil,Oils & Fats,60,88,65,$4.00 ,94,15,Active
Gouda Cheese,Dairy,97,77,13,$7.00 ,43,40,Backordered
Chocolate Biscuit,Bakery,11,6,100,$5.00 ,88,24,Discontinued
Pomegranate,Fruits & Vegetables,14,66,1,$6.00 ,86,15,Backordered
Sunflower Oil,Oils & Fats,88,100,17,$2.50 ,25,28,Discontinued
Jasmine Rice,Grains & Pulses,24,15,6,$4.75 ,35,4,Discontinued
Haddock,Seafood,93,62,65,$9.00 ,78,87,Active
Black Rice,Grains & Pulses,68,68,97,$6.00 ,37,31,Discontinued
Rye Bread,Bakery,28,94,80,$2.80 ,31,1,Backordered
Lime,Fruits & Vegetables,21,30,32,$2.00 ,43,54,Backordered
Pomegranate,Fruits & Vegetables,92,96,56,$6.00 ,32,22,Discontinued
Robusta Coffee,Beverages,68,12,42,$10.00 ,39,6,Backordered
Multigrain Bread,Bakery,46,43,46,$3.50 ,68,59,Backordered
Cucumber,Fruits & Vegetables,47,20,65,$1.75 ,49,19,Backordered
Olive Oil,Oils & Fats,52,88,55,$6.00 ,100,46,Discontinued
Mushrooms,Fruits & Vegetables,51,62,95,$6.00 ,52,21,Active
Egg (Goose),Dairy,14,63,74,$2.50 ,59,63,Backordered
Greek Yogurt,Fruits & Vegetables,62,44,11,$51.17 ,92,37,Discontinued
Peach,Fruits & Vegetables,40,53,7,$4.00 ,70,20,Backordered
White Tea,Beverages,50,100,91,$25.50 ,29,31,Active
Sushi Rice,Grains & Pulses,77,20,37,$4.25 ,42,19,Backordered
Strawberries,Fruits & Vegetables,31,89,7,$5.90 ,46,54,Discontinued
Mushrooms,Fruits & Vegetables,35,19,30,$6.50 ,88,6,Backordered
Broccoli,Fruits & Vegetables,31,54,52,$4.00 ,69,77,Active
White Bread,Bakery,56,62,64,$2.50 ,56,73,Backordered
Greek Yogurt,Dairy,90,62,54,$3.00 ,70,83,Discontinued
Canola Oil,Oils & Fats,79,31,66,$2.30 ,92,13,Discontinued
Lime,Fruits & Vegetables,29,83,91,$2.00 ,81,53,Backordered
Canola Oil,Oils & Fats,46,51,92,$2.30 ,47,25,Discontinued
Blueberries,Fruits & Vegetables,42,4,53,$10.00 ,37,53,Active
Mozzarella Cheese,Dairy,16,56,13,$7.20 ,56,28,Discontinued
Tuna,Seafood,89,95,41,$18.00 ,76,96,Discontinued
White Tea,Beverages,20,43,43,$25.00 ,73,6,Active
Black Coffee,Beverages,37,94,76,$15.00 ,94,66,Backordered
Bread Flour,Grains & Pulses,97,41,68,$1.50 ,35,16,Discontinued
Feta Cheese,Dairy,98,77,7,$7.00 ,92,29,Discontinued
Kiwi,Fruits & Vegetables,37,8,50,$6.00 ,47,62,Discontinued
Digestive Biscuit,Bakery,97,99,96,$4.00 ,57,42,Backordered
Arabica Coffee,Beverages,97,77,99,$20.00 ,74,98,Backordered
Lemon,Fruits & Vegetables,90,92,56,$2.50 ,71,13,Active
Arabica Coffee,Beverages,46,31,89,$20.00 ,59,65,Backordered
Broccoli,Fruits & Vegetables,40,8,98,$4.00 ,86,12,Discontinued
Kale,Fruits & Vegetables,77,52,28,$4.00 ,48,43,Active
Bread Flour,Grains & Pulses,62,79,23,$1.50 ,32,80,Active
Herbal Tea,Beverages,59,17,1,$30.00 ,69,82,Active
Blueberries,Fruits & Vegetables,23,38,54,$10.00 ,40,15,Active
Digestive Biscuit,Bakery,39,16,57,$4.00 ,98,12,Active
Gouda Cheese,Dairy,68,29,31,$7.00 ,53,20,Backordered
Almond Flour,Grains & Pulses,75,46,75,$9.50 ,43,77,Backordered
Chocolate Biscuit,Bakery,96,16,48,$5.00 ,45,68,Active
Haddock,Seafood,17,38,93,$9.00 ,100,63,Active
Egg (Duck),Dairy,23,38,25,$1.00 ,84,78,Discontinued
Peach,Fruits & Vegetables,15,27,21,$4.00 ,37,67,Backordered
Mackerel,Seafood,71,7,6,$7.50 ,52,68,Backordered
Egg (Goose),Dairy,97,26,15,$2.50 ,33,58,Discontinued
Zucchini,Fruits & Vegetables,29,18,86,$2.50 ,53,69,Active
Bell Pepper,Fruits & Vegetables,46,64,17,$4.60 ,96,55,Discontinued
Cheese,Dairy,76,15,99,$9.50 ,60,49,Discontinued
Zucchini,Fruits & Vegetables,59,91,24,$2.50 ,54,87,Active
Orange,Fruits & Vegetables,92,54,73,$3.10 ,79,1,Backordered
Kiwi,Fruits & Vegetables,28,27,22,$6.00 ,70,30,Discontinued
Coconut,Fruits & Vegetables,19,47,25,$5.00 ,96,37,Discontinued
Butter,Dairy,85,28,21,$3.00 ,45,89,Active
Bread Flour,Grains & Pulses,57,63,41,$1.50 ,53,94,Discontinued
Broccoli,Fruits & Vegetables,95,29,28,$4.00 ,52,46,Discontinued
Sushi Rice,Grains & Pulses,84,69,77,$4.50 ,39,69,Backordered
Rice Flour,Grains & Pulses,31,32,69,$2.00 ,38,23,Active
Pear,Fruits & Vegetables,41,52,75,$4.50 ,57,62,Backordered
Feta Cheese,Dairy,97,57,84,$7.00 ,95,28,Active
Milk,Dairy,43,88,33,$1.00 ,84,75,Discontinued
Palm Oil,Oils & Fats,74,4,67,$1.80 ,31,34,Backordered
Bread Flour,Grains & Pulses,70,96,92,$1.50 ,27,58,Backordered
Cheese,Dairy,69,53,32,$9.20 ,28,56,Active
Carrot,Fruits & Vegetables,67,68,50,$1.50 ,67,82,Discontinued
Short Grain Rice,Grains & Pulses,18,62,2,$3.00 ,61,78,Discontinued
Arabica Coffee,Beverages,22,89,25,$21.00 ,30,62,Discontinued
Grapes,Fruits & Vegetables,88,99,41,$5.50 ,93,99,Backordered
Tilapia,Seafood,78,75,3,$7.00 ,63,100,Active
Olive Oil,Oils & Fats,83,52,32,$6.00 ,47,7,Active
Robusta Coffee,Beverages,42,88,17,$10.50 ,34,51,Discontinued
Peas,Fruits & Vegetables,49,46,8,$3.00 ,82,21,Discontinued
Brown Rice,Grains & Pulses,17,88,41,$2.50 ,45,29,Backordered
Buttermilk,Dairy,52,64,54,$2.40 ,21,55,Backordered
Mushrooms,Fruits & Vegetables,79,45,39,$6.00 ,55,20,Backordered
Palm Oil,Oils & Fats,35,41,84,$1.80 ,62,14,Backordered
Cucumber,Fruits & Vegetables,76,11,15,$1.80 ,22,91,Active
Swiss Cheese,Dairy,93,8,51,$8.00 ,93,85,Backordered
Halibut,Seafood,40,81,78,$20.00 ,39,65,Backordered
Trout,Seafood,19,94,17,$11.50 ,96,74,Discontinued
Vegetable Oil,Oils & Fats,70,96,21,$2.00 ,100,15,Discontinued
Digestive Biscuit,Bakery,90,52,50,$4.00 ,63,14,Discontinued
Digestive Biscuit,Bakery,77,79,65,$4.00 ,62,75,Backordered
Apricot,Fruits & Vegetables,38,22,71,$5.00 ,33,62,Active
Tilapia,Seafood,93,25,23,$7.00 ,72,83,Backordered
Evaporated Milk,Dairy,23,100,77,$2.00 ,63,26,Discontinued
Green Tea,Beverages,51,1,61,$7.60 ,96,26,Active
Heavy Cream,Dairy,57,62,72,$4.00 ,23,4,Backordered
Papaya,Fruits & Vegetables,59,74,100,$4.50 ,63,69,Active
Blueberries,Fruits & Vegetables,89,15,22,$10.00 ,79,42,Discontinued
Blueberries,Fruits & Vegetables,53,98,25,$10.00 ,55,51,Active
Plum,Fruits & Vegetables,11,56,62,$3.90 ,40,5,Backordered
Yogurt,Dairy,59,27,63,$1.75 ,92,82,Discontinued
Onion,Fruits & Vegetables,34,29,65,$2.00 ,90,23,Discontinued
Tuna,Seafood,25,75,27,$18.00 ,31,36,Active
Anchovies,Seafood,81,22,20,$10.00 ,95,77,Discontinued
Apple,Fruits & Vegetables,81,74,45,$3.50 ,42,23,Discontinued
Watermelon,Fruits & Vegetables,71,4,37,$3.00 ,81,25,Discontinued
Cauliflower,Fruits & Vegetables,52,22,37,$2.50 ,56,44,Active
Greek Yogurt,Dairy,26,54,90,$3.00 ,25,81,Active
Haddock,Seafood,84,8,54,$9.00 ,60,38,Active
Blueberries,Fruits & Vegetables,28,86,44,$10.00 ,48,12,Backordered
Strawberries,Fruits & Vegetables,94,77,89,$6.00 ,40,84,Discontinued
Kiwi,Fruits & Vegetables,47,75,53,$6.00 ,70,20,Discontinued
Coconut Sugar,Grains & Pulses,20,51,21,$5.00 ,71,26,Backordered
Tomato,Fruits & Vegetables,84,20,58,$2.50 ,86,64,Backordered
Cheese,Dairy,100,31,43,$9.00 ,88,52,Backordered
Milk,Dairy,74,90,26,$1.00 ,24,11,Discontinued
Green Coffee,Beverages,27,12,93,$12.00 ,88,83,Discontinued
Eggplant,Fruits & Vegetables,91,55,94,$3.00 ,42,93,Active
Grapes,Fruits & Vegetables,82,21,85,$5.50 ,39,18,Backordered
Bread Flour,Grains & Pulses,84,91,86,$1.50 ,83,95,Backordered
Halibut,Seafood,18,46,26,$20.00 ,57,95,Backordered
Sourdough Bread,Bakery,12,59,62,$4.50 ,75,92,Backordered
Black Rice,Grains & Pulses,85,4,75,$6.50 ,95,70,Backordered
Butter Biscuit,Bakery,33,60,67,$6.00 ,20,7,Discontinued
Tilapia,Seafood,59,59,10,$7.00 ,57,50,Active
Grapes,Fruits & Vegetables,22,69,87,$5.50 ,34,26,Backordered
Gouda Cheese,Dairy,67,79,98,$7.00 ,73,36,Active
Cheese,Dairy,78,24,31,$9.00 ,60,41,Active
Lemon,Fruits & Vegetables,72,32,80,$2.45 ,25,9,Backordered
Heavy Cream,Dairy,63,48,22,$4.00 ,21,90,Discontinued
White Bread,Bakery,30,91,34,$2.50 ,97,88,Active
Arabica Coffee,Beverages,36,64,63,$20.00 ,91,35,Backordered
Grapes,Fruits & Vegetables,88,27,92,$5.50 ,57,37,Discontinued
Banana,Fruits & Vegetables,95,25,91,$53.82 ,87,5,Discontinued
Broccoli,Fruits & Vegetables,30,59,76,$4.00 ,61,3,Discontinued
Green Beans,Fruits & Vegetables,31,55,5,$2.00 ,71,46,Active
Cod,Seafood,16,20,45,$8.00 ,81,62,Active
White Sugar,Grains & Pulses,14,16,93,$2.00 ,39,30,Active
Tomato,Fruits & Vegetables,44,67,15,$2.50 ,82,51,Active
Long Grain Rice,Grains & Pulses,69,82,58,$1.50 ,34,22,Discontinued
Long Grain Rice,Grains & Pulses,71,10,49,$1.50 ,66,43,Active
Carrot,Fruits & Vegetables,92,39,50,$1.60 ,30,41,Backordered
Peanut Oil,Oils & Fats,49,17,54,$4.00 ,45,96,Discontinued
Pomegranate,Fruits & Vegetables,52,8,37,$6.00 ,38,81,Active
Egg (Turkey),Dairy,56,97,29,$2.50 ,82,100,Backordered
Strawberries,Fruits & Vegetables,16,23,76,$6.10 ,50,27,Backordered
Zucchini,Fruits & Vegetables,52,79,87,$2.50 ,36,100,Discontinued
Trout,Seafood,91,68,80,$11.50 ,81,85,Backordered
Mango,Fruits & Vegetables,58,58,28,$4.70 ,85,63,Active
Halibut,Seafood,47,29,70,$20.00 ,61,44,Active
Rye Bread,Bakery,50,56,63,$3.00 ,70,100,Discontinued
Sour Cream,Dairy,43,73,14,$4.00 ,59,65,Active
Cheddar Cheese,Dairy,68,60,21,$8.90 ,79,46,Active
Egg (Turkey),Dairy,19,100,83,$2.50 ,66,28,Discontinued
Swiss Cheese,Dairy,70,84,72,$8.00 ,71,20,Active
Eggplant,Fruits & Vegetables,97,20,72,$3.00 ,29,59,Backordered
Sunflower Oil,Oils & Fats,87,24,19,$2.50 ,83,3,Discontinued
White Tea,Beverages,58,81,66,$25.00 ,85,78,Active
Coconut,Fruits & Vegetables,16,53,12,$5.00 ,21,29,Discontinued
Pineapple,Fruits & Vegetables,65,35,3,$3.50 ,25,13,Active
Basmati Rice,Grains & Pulses,15,49,40,$4.50 ,68,74,Discontinued
Bell Pepper,Fruits & Vegetables,75,85,27,$4.50 ,26,68,Discontinued
Vanilla Biscuit,Bakery,80,61,23,$5.50 ,63,75,Backordered
Orange,Fruits & Vegetables,84,95,22,$2.85 ,48,82,Discontinued
Eggplant,Fruits & Vegetables,17,3,33,$3.00 ,49,17,Backordered
Evaporated Milk,Dairy,64,31,91,$1.90 ,85,42,Discontinued
Whipped Cream,Dairy,76,81,85,$4.00 ,65,68,Active
Sesame Oil,Oils & Fats,77,95,82,$6.50 ,29,46,Backordered
Cream,Dairy,18,14,77,$2.50 ,78,4,Backordered
Coconut Sugar,Grains & Pulses,51,55,76,$5.00 ,21,13,Discontinued
Asparagus,Fruits & Vegetables,68,12,73,$5.00 ,84,95,Backordered
Wild Rice,Grains & Pulses,46,6,64,$10.00 ,63,29,Discontinued
Long Grain Rice,Grains & Pulses,98,40,93,$1.50 ,30,53,Active
Onion,Fruits & Vegetables,50,20,74,$2.00 ,30,57,Backordered
Salmon,Seafood,88,83,42,$15.00 ,61,59,Discontinued
Potato,Fruits & Vegetables,26,16,69,$1.20 ,64,79,Discontinued
Green Coffee,Beverages,43,38,63,$12.00 ,88,65,Backordered
Powdered Sugar,Grains & Pulses,46,20,30,$2.50 ,54,24,Backordered
Cauliflower,Fruits & Vegetables,19,73,60,$2.45 ,70,48,Backordered
Kale,Fruits & Vegetables,61,100,94,$4.00 ,76,2,Backordered
Garlic,Fruits & Vegetables,43,40,30,$7.00 ,95,26,Active
Green Tea,Beverages,80,54,21,$8.50 ,81,37,Active
Green Tea,Beverages,34,47,99,$8.00 ,97,47,Backordered
Green Tea,Beverages,88,50,88,$8.00 ,78,28,Discontinued
Cottage Cheese,Dairy,89,42,76,$5.00 ,94,81,Backordered
Wild Rice,Grains & Pulses,26,21,47,$10.00 ,40,59,Discontinued
Pear,Fruits & Vegetables,26,95,36,$4.50 ,92,14,Active
Peach,Fruits & Vegetables,37,38,24,$4.00 ,93,32,Active
Yogurt,Dairy,76,98,41,$1.75 ,62,48,Backordered
Feta Cheese,Dairy,80,43,80,$7.00 ,64,53,Active
Sweet Potato,Fruits & Vegetables,100,3,32,$2.00 ,98,91,Backordered
Butter,Dairy,21,87,67,$3.10 ,64,69,Discontinued
Coconut Oil,Oils & Fats,33,78,79,$5.00 ,60,25,Discontinued
Apple,Fruits & Vegetables,43,63,99,$3.50 ,39,77,Discontinued
Mushrooms,Fruits & Vegetables,34,1,79,$6.20 ,58,36,Discontinued
Mackerel,Seafood,82,25,94,$7.50 ,66,14,Backordered
Whole Wheat Bread,Bakery,17,63,3,$3.50 ,93,26,Backordered
Sushi Rice,Grains & Pulses,36,81,54,$4.75 ,73,60,Discontinued
Cod,Seafood,65,79,52,$8.00 ,56,94,Discontinued
Papaya,Fruits & Vegetables,45,28,6,$4.50 ,35,16,Discontinued
Egg (Goose),Dairy,35,78,68,$2.50 ,95,91,Discontinued
Bread Flour,Grains & Pulses,96,83,50,$1.50 ,81,89,Discontinued
Coconut,Fruits & Vegetables,56,75,13,$5.00 ,42,53,Backordered
Ricotta Cheese,Dairy,49,94,18,$6.00 ,38,11,Active
Raw Sugar,Grains & Pulses,100,10,89,$1.50 ,76,38,Backordered
Haddock,Seafood,30,81,99,$9.00 ,99,3,Backordered
Papaya,Fruits & Vegetables,20,91,12,$4.50 ,35,50,Active
Sesame Oil,Oils & Fats,85,15,16,$6.50 ,46,24,Discontinued
Green Beans,Fruits & Vegetables,86,90,39,$2.10 ,98,85,Active
Sourdough Bread,Bakery,65,79,49,$4.00 ,100,9,Discontinued
Cottage Cheese,Dairy,67,98,92,$5.00 ,35,98,Backordered
Ricotta Cheese,Dairy,88,4,79,$6.00 ,23,39,Discontinued
Robusta Coffee,Beverages,14,77,78,$10.00 ,32,24,Discontinued
Tilapia,Seafood,85,92,66,$6.70 ,54,85,Backordered
Feta Cheese,Dairy,74,65,5,$7.00 ,21,42,Discontinued
Cheddar Cheese,Dairy,21,28,72,$9.00 ,69,51,Backordered
Butter Biscuit,Bakery,22,24,94,$6.00 ,47,71,Active
Ricotta Cheese,Dairy,91,14,99,$6.00 ,50,5,Backordered
Multigrain Bread,Bakery,85,57,25,$3.50 ,30,42,Discontinued
Peas,Fruits & Vegetables,12,28,11,$3.00 ,46,88,Backordered
Pomegranate,Fruits & Vegetables,43,65,66,$6.00 ,78,73,Backordered
Yogurt,Dairy,92,92,28,$1.75 ,50,67,Discontinued
Watermelon,Fruits & Vegetables,23,85,94,$3.00 ,92,72,Backordered
Egg (Duck),Dairy,77,1,41,$1.00 ,58,55,Discontinued
Sweet Potato,Fruits & Vegetables,65,10,81,$2.00 ,71,61,Backordered
Banana,Fruits & Vegetables,82,29,62,$15.31 ,77,27,Backordered
Swiss Cheese,Dairy,20,17,71,$8.00 ,50,65,Active
Cheddar Cheese,Dairy,31,65,94,$9.00 ,63,7,Backordered
Butter,Dairy,36,75,35,$2.90 ,26,41,Discontinued
Black Tea,Beverages,59,20,17,$5.00 ,45,15,Discontinued
Long Grain Rice,Grains & Pulses,11,10,80,$1.50 ,48,65,Discontinued
Black Coffee,Beverages,24,77,32,$15.50 ,80,42,Discontinued
Haddock,Seafood,75,80,87,$9.00 ,49,40,Backordered
Black Coffee,Beverages,11,72,5,$15.00 ,89,4,Active
Anchovies,Seafood,60,64,36,$10.00 ,34,48,Discontinued
Lemon,Fruits & Vegetables,91,6,37,$2.40 ,38,70,Backordered
Egg (Goose),Dairy,43,78,85,$2.50 ,48,98,Backordered
Bread Flour,Grains & Pulses,25,60,36,$1.50 ,31,41,Backordered
Parmesan Cheese,Dairy,96,9,57,$11.80 ,78,67,Active
Mackerel,Seafood,30,29,70,$7.50 ,80,43,Backordered
Arborio Rice,Grains & Pulses,56,4,74,$4.50 ,61,73,Active
Whole Wheat Bread,Bakery,91,71,17,$3.50 ,74,57,Active
White Sugar,Grains & Pulses,27,64,78,$2.00 ,57,4,Active
Buttermilk,Dairy,28,90,70,$2.45 ,76,78,Active
Sour Cream,Dairy,92,67,51,$4.00 ,23,78,Discontinued
Tuna,Seafood,37,33,80,$18.00 ,27,73,Backordered
Powdered Sugar,Grains & Pulses,28,24,97,$2.50 ,82,5,Discontinued
Tilapia,Seafood,30,42,8,$7.00 ,48,23,Active
Arabica Coffee,Beverages,98,83,5,$20.00 ,39,79,Active
Lemon,Fruits & Vegetables,65,88,20,$2.50 ,89,37,Backordered
Rice Flour,Grains & Pulses,42,3,21,$2.00 ,35,22,Active
Lemon,Fruits & Vegetables,63,60,54,$2.50 ,33,31,Backordered
Broccoli,Fruits & Vegetables,85,54,18,$4.00 ,85,44,Discontinued
Egg (Duck),Dairy,44,75,72,$1.00 ,96,38,Discontinued
Plum,Fruits & Vegetables,26,69,90,$4.00 ,47,35,Active
Coconut Sugar,Grains & Pulses,49,59,73,$5.00 ,93,45,Discontinued
Pomegranate,Fruits & Vegetables,59,79,87,$6.00 ,47,18,Active
Raw Sugar,Grains & Pulses,19,81,33,$1.50 ,39,85,Backordered
Eggplant,Fruits & Vegetables,47,41,63,$3.00 ,39,54,Active
Grapes,Fruits & Vegetables,98,62,97,$5.50 ,59,19,Active
Watermelon,Fruits & Vegetables,51,72,85,$3.00 ,23,17,Active
Anchovies,Seafood,100,99,8,$10.00 ,54,92,Discontinued
Yogurt,Dairy,55,50,56,$1.70 ,62,26,Backordered
Whipped Cream,Dairy,14,87,8,$4.00 ,90,14,Active
Egg (Quail),Dairy,29,33,88,$0.80 ,50,35,Discontinued
Chocolate Biscuit,Bakery,100,1,26,$5.00 ,47,79,Active
Ricotta Cheese,Dairy,49,28,74,$6.00 ,70,38,Discontinued
Vegetable Oil,Oils & Fats,75,61,19,$2.00 ,79,69,Backordered
Heavy Cream,Dairy,82,12,94,$4.10 ,69,93,Active
Cottage Cheese,Dairy,68,82,58,$4.80 ,90,2,Backordered
Corn Oil,Oils & Fats,70,96,85,$2.50 ,34,3,Active
Salmon,Seafood,49,48,62,$15.00 ,96,37,Active
Mackerel,Seafood,89,26,36,$7.50 ,48,94,Active
Cheese,Dairy,88,53,44,$9.00 ,56,14,Discontinued
Green Tea,Beverages,39,88,100,$8.00 ,28,18,Backordered
Cauliflower,Fruits & Vegetables,87,91,94,$2.50 ,47,4,Discontinued
Oatmeal Biscuit,Bakery,93,50,43,$5.00 ,76,35,Discontinued
Egg (Turkey),Dairy,23,21,59,$2.40 ,81,8,Active
Vanilla Biscuit,Bakery,94,34,21,$5.50 ,74,70,Backordered
Digestive Biscuit,Bakery,38,43,91,$4.00 ,72,64,Active
Evaporated Milk,Dairy,11,9,65,$2.00 ,48,96,Discontinued
White Tea,Beverages,60,27,58,$25.30 ,43,91,Active
Avocado Oil,Oils & Fats,50,36,81,$10.00 ,27,6,Discontinued
Egg (Goose),Dairy,90,3,49,$2.50 ,51,87,Discontinued
Arborio Rice,Grains & Pulses,86,80,80,$4.50 ,22,67,Discontinued
Cauliflower,Fruits & Vegetables,86,66,24,$2.50 ,30,6,Discontinued
Almond Flour,Grains & Pulses,54,17,90,$9.50 ,60,20,Active
Watermelon,Fruits & Vegetables,27,64,43,$3.00 ,70,58,Discontinued
Rye Bread,Bakery,50,58,78,$3.00 ,83,49,Active
Onion,Fruits & Vegetables,68,10,29,$2.00 ,37,11,Discontinued
Sourdough Bread,Bakery,22,60,73,$4.20 ,62,3,Backordered
Cheese,Dairy,50,14,6,$9.20 ,60,72,Backordered
Bell Pepper,Fruits & Vegetables,26,12,43,$4.40 ,73,20,Backordered
White Tea,Beverages,62,31,24,$25.00 ,89,100,Backordered
Broccoli,Fruits & Vegetables,79,72,6,$4.00 ,67,63,Active
Peach,Fruits & Vegetables,73,90,77,$4.00 ,75,19,Backordered
Carrot,Fruits & Vegetables,18,50,77,$1.45 ,44,19,Active
Kale,Fruits & Vegetables,79,74,87,$4.00 ,80,26,Backordered
Arabica Coffee,Beverages,23,13,15,$20.00 ,31,28,Backordered
Milk,Dairy,18,64,86,$1.00 ,73,38,Active
Sunflower Oil,Oils & Fats,24,35,14,$2.50 ,91,71,Backordered
Watermelon,Fruits & Vegetables,53,41,30,$3.00 ,24,77,Discontinued
Yogurt,Dairy,85,83,13,$1.75 ,49,75,Backordered
Sesame Oil,Oils & Fats,15,34,57,$6.50 ,49,96,Discontinued
Anchovies,Seafood,66,49,41,$10.00 ,27,37,Discontinued
Corn Oil,Oils & Fats,17,63,66,$2.50 ,23,46,Backordered
Grapes,Fruits & Vegetables,13,61,77,$5.50 ,42,18,Backordered
Digestive Biscuit,Bakery,34,49,27,$4.00 ,78,20,Discontinued
Swiss Cheese,Dairy,85,89,41,$8.00 ,68,93,Discontinued
Cabbage,Fruits & Vegetables,12,95,49,$1.00 ,25,23,Backordered
Oatmeal Biscuit,Bakery,82,6,53,$5.00 ,21,58,Active
Sourdough Bread,Bakery,71,97,44,$4.00 ,58,14,Discontinued
Mozzarella Cheese,Dairy,58,17,26,$7.00 ,62,89,Backordered
Rice Flour,Grains & Pulses,15,76,81,$2.00 ,90,26,Backordered
Pineapple,Fruits & Vegetables,68,25,16,$3.50 ,25,83,Active
White Sugar,Grains & Pulses,13,32,79,$2.00 ,38,61,Discontinued
Sesame Oil,Oils & Fats,45,7,58,$6.50 ,86,77,Discontinued
Egg (Goose),Dairy,40,22,74,$2.45 ,76,70,Backordered
Black Coffee,Beverages,62,23,25,$15.50 ,34,68,Discontinued
Peanut Oil,Oils & Fats,79,3,36,$4.00 ,46,29,Discontinued
Peas,Fruits & Vegetables,75,91,68,$3.00 ,96,73,Backordered
Almond Flour,Grains & Pulses,76,8,2,$9.50 ,24,53,Active
Canola Oil,Oils & Fats,96,51,40,$2.30 ,61,4,Discontinued
Canola Oil,Oils & Fats,69,17,27,$2.30 ,79,75,Backordered
Butter,Dairy,48,71,86,$3.00 ,95,3,Discontinued
Cream,Dairy,82,3,82,$2.40 ,48,31,Active
Zucchini,Fruits & Vegetables,43,21,31,$2.50 ,22,25,Backordered
Green Coffee,Beverages,90,68,74,$12.00 ,81,26,Backordered
Milk,Dairy,13,39,98,$0.90 ,46,46,Backordered
Cabbage,Fruits & Vegetables,62,79,95,$1.00 ,34,12,Active
Coconut Sugar,Grains & Pulses,17,85,74,$5.00 ,76,89,Active
Sesame Oil,Oils & Fats,100,86,94,$6.50 ,77,57,Active
All-Purpose Flour,Grains & Pulses,54,69,68,$1.75 ,77,56,Discontinued
Whipped Cream,Dairy,98,24,4,$4.10 ,89,80,Active
Herbal Tea,Beverages,20,9,12,$30.50 ,46,32,Discontinued
Haddock,Seafood,43,7,63,$9.00 ,66,71,Active
Green Coffee,Beverages,29,91,48,$12.00 ,28,40,Active
Grapes,Fruits & Vegetables,37,45,62,$5.50 ,34,23,Backordered
Cheddar Cheese,Dairy,85,28,32,$8.90 ,57,41,Backordered
Basmati Rice,Grains & Pulses,26,67,46,$4.40 ,54,46,Backordered
White Tea,Beverages,91,78,61,$25.00 ,63,15,Backordered
Ricotta Cheese,Dairy,50,46,38,$6.20 ,88,70,Active
Trout,Seafood,98,65,76,$12.00 ,62,47,Active
Egg (Duck),Dairy,37,53,61,$1.00 ,90,89,Backordered
White Bread,Bakery,78,68,68,$2.50 ,89,24,Backordered
Cauliflower,Fruits & Vegetables,48,27,73,$2.55 ,52,97,Discontinued
Arabica Coffee,Beverages,74,10,74,$20.00 ,100,66,Backordered
Pineapple,Fruits & Vegetables,18,7,58,$3.50 ,88,96,Discontinued
Cauliflower,Fruits & Vegetables,95,66,69,$2.48 ,92,72,Backordered
Egg (Turkey),Dairy,39,93,57,$2.50 ,26,44,Backordered
Peas,Fruits & Vegetables,48,72,55,$3.00 ,51,41,Active
Strawberries,Fruits & Vegetables,58,15,87,$5.90 ,52,81,Backordered
Greek Yogurt,Dairy,39,55,39,$3.00 ,47,59,Backordered
Papaya,Fruits & Vegetables,84,28,29,$4.40 ,54,32,Discontinued
Sardines,Seafood,30,55,4,$6.00 ,56,31,Active
Sesame Oil,Oils & Fats,14,84,15,$6.50 ,51,73,Active
Powdered Sugar,Grains & Pulses,21,15,27,$2.50 ,37,41,Active
Jasmine Rice,Grains & Pulses,17,19,74,$4.75 ,58,27,Discontinued
Cauliflower,Fruits & Vegetables,34,92,26,$2.50 ,28,71,Active
Jasmine Rice,Grains & Pulses,56,48,82,$4.75 ,71,65,Backordered
Plum,Fruits & Vegetables,64,71,69,$3.90 ,60,67,Active
Grapes,Fruits & Vegetables,87,62,2,$5.50 ,22,38,Backordered
Papaya,Fruits & Vegetables,24,25,52,$4.50 ,24,77,Backordered
Sushi Rice,Grains & Pulses,47,1,60,$4.20 ,32,87,Discontinued
Digestive Biscuit,Bakery,61,8,45,$4.00 ,73,64,Discontinued
Rye Bread,Bakery,48,2,16,$2.80 ,27,1,Discontinued
Chocolate Biscuit,Bakery,37,96,82,$5.00 ,35,23,Backordered
Arabica Coffee,Beverages,45,36,97,$20.00 ,36,6,Active
Bread Flour,Grains & Pulses,87,97,28,$1.50 ,58,21,Active
Almond Flour,Grains & Pulses,37,47,34,$9.50 ,38,89,Backordered
Robusta Coffee,Beverages,59,62,57,$10.30 ,90,94,Backordered
Pomegranate,Fruits & Vegetables,62,40,86,$6.00 ,45,86,Backordered
Yogurt,Dairy,63,12,82,$1.70 ,56,31,Backordered
Grapes,Fruits & Vegetables,38,72,39,$5.50 ,59,8,Active
Mackerel,Seafood,76,21,3,$7.50 ,31,47,Discontinued
Egg (Quail),Dairy,34,94,69,$0.80 ,96,30,Backordered
Eggplant,Fruits & Vegetables,25,62,11,$3.00 ,57,98,Backordered
Egg (Turkey),Dairy,86,16,37,$2.50 ,34,66,Active
Oatmeal Biscuit,Bakery,41,21,47,$5.00 ,50,99,Active
Cauliflower,Fruits & Vegetables,77,54,10,$2.50 ,64,73,Active
Egg (Duck),Dairy,41,61,69,$1.00 ,30,100,Discontinued
Orange,Fruits & Vegetables,44,8,52,$2.95 ,42,66,Active
Avocado Oil,Oils & Fats,53,89,100,$10.00 ,22,83,Backordered
Chocolate Biscuit,Bakery,68,29,100,$5.00 ,70,26,Backordered
Swiss Cheese,Dairy,96,34,57,$8.00 ,71,17,Discontinued
Garlic,Fruits & Vegetables,33,4,31,$7.00 ,46,92,Active
Cauliflower,Fruits & Vegetables,33,89,15,$2.50 ,90,52,Discontinued
Watermelon,Fruits & Vegetables,90,17,17,$3.00 ,82,84,Backordered
Brown Rice,Grains & Pulses,31,29,57,$2.50 ,25,22,Active
Asparagus,Fruits & Vegetables,92,3,81,$5.00 ,62,20,Backordered
Cauliflower,Fruits & Vegetables,66,31,18,$2.50 ,85,39,Backordered
Anchovies,Seafood,83,17,39,$10.00 ,33,20,Active
Mango,Fruits & Vegetables,84,9,46,$5.00 ,30,68,Backordered
Haddock,Seafood,76,57,78,$9.00 ,52,86,Discontinued
Pomegranate,Fruits & Vegetables,26,1,9,$6.00 ,82,8,Backordered
Green Coffee,Beverages,61,31,100,$12.50 ,95,61,Active
Evaporated Milk,Dairy,15,75,78,$1.90 ,71,21,Discontinued
Apricot,Fruits & Vegetables,73,83,74,$5.00 ,87,10,Discontinued
Whole Wheat Flour,Grains & Pulses,41,76,47,$2.65 ,50,50,Backordered
Avocado Oil,Oils & Fats,14,75,10,$10.00 ,65,62,Active
Mango,Fruits & Vegetables,99,59,12,$5.00 ,52,57,Backordered
Asparagus,Fruits & Vegetables,80,6,92,$5.00 ,26,71,Discontinued
Eggplant,Fruits & Vegetables,49,89,65,$3.00 ,37,48,Active
Grapes,Fruits & Vegetables,25,74,100,$5.50 ,41,59,Discontinued
Sesame Oil,Oils & Fats,39,78,97,$6.50 ,54,89,Backordered
Orange,Fruits & Vegetables,94,58,17,$2.90 ,57,74,Backordered
Sardines,Seafood,11,17,59,$6.00 ,69,100,Backordered
Peanut Oil,Oils & Fats,21,52,80,$4.00 ,49,37,Backordered
Kiwi,Fruits & Vegetables,38,91,94,$5.70 ,53,87,Discontinued
Palm Oil,Oils & Fats,58,23,66,$1.80 ,82,61,Backordered
Plum,Fruits & Vegetables,85,16,74,$3.85 ,58,36,Backordered
Cauliflower,Fruits & Vegetables,63,62,98,$2.50 ,62,45,Backordered
Coconut Oil,Oils & Fats,54,86,69,$5.00 ,29,8,Discontinued
Cherry,Fruits & Vegetables,30,25,11,$8.00 ,42,76,Active
Cauliflower,Fruits & Vegetables,57,25,98,$2.50 ,78,37,Active
Vegetable Oil,Oils & Fats,18,72,71,$2.00 ,25,81,Active
Tuna,Seafood,16,34,89,$18.00 ,35,52,Backordered
Buttermilk,Dairy,39,80,68,$2.50 ,46,54,Discontinued
Lemon,Fruits & Vegetables,59,82,69,$2.45 ,30,34,Discontinued
Salmon,Seafood,79,28,4,$15.00 ,42,46,Active
Egg (Quail),Dairy,78,61,6,$0.80 ,49,60,Active
Sushi Rice,Grains & Pulses,22,10,53,$4.25 ,64,7,Active
Egg (Chicken),Dairy,10,17,70,$0.20 ,100,63,Backordered
Arborio Rice,Grains & Pulses,34,32,22,$4.50 ,42,27,Active
Heavy Cream,Dairy,74,62,6,$4.00 ,65,96,Active
Sushi Rice,Grains & Pulses,10,11,29,$4.30 ,29,72,Backordered
Basmati Rice,Grains & Pulses,11,87,64,$4.50 ,29,6,Active
Grapes,Fruits & Vegetables,99,68,1,$5.50 ,59,16,Discontinued
Swiss Cheese,Dairy,64,14,44,$8.00 ,53,33,Active
Pear,Fruits & Vegetables,58,55,5,$4.45 ,62,89,Active
Corn Oil,Oils & Fats,26,100,13,$2.50 ,45,45,Discontinued
Raw Sugar,Grains & Pulses,72,72,68,$1.50 ,39,78,Active
Mozzarella Cheese,Dairy,36,82,85,$7.10 ,27,67,Discontinued
Mushrooms,Fruits & Vegetables,24,21,4,$6.00 ,85,17,Backordered
Onion,Fruits & Vegetables,16,75,42,$2.00 ,22,46,Active
Banana,Fruits & Vegetables,39,19,18,$13.99 ,58,90,Active
Zucchini,Fruits & Vegetables,89,56,74,$2.50 ,27,51,Backordered
Cherry,Fruits & Vegetables,57,82,59,$8.00 ,44,57,Active
Herbal Tea,Beverages,61,22,98,$30.00 ,90,11,Active
Short Grain Rice,Grains & Pulses,56,28,76,$3.00 ,93,69,Active
Cream,Dairy,21,24,2,$2.35 ,87,36,Backordered
Grapes,Fruits & Vegetables,59,29,100,$5.50 ,74,16,Discontinued
Green Coffee,Beverages,20,68,20,$12.00 ,38,51,Active
Rye Bread,Bakery,99,6,88,$3.00 ,49,9,Active
Green Tea,Beverages,24,27,35,$8.00 ,49,58,Active
Sushi Rice,Grains & Pulses,78,94,7,$4.35 ,69,40,Backordered
Egg (Duck),Dairy,52,31,18,$1.00 ,77,16,Backordered
Spinach,Fruits & Vegetables,45,70,98,$2.45 ,25,39,Backordered
Apricot,Fruits & Vegetables,89,35,19,$5.00 ,49,55,Discontinued
Kiwi,Fruits & Vegetables,63,57,11,$5.80 ,20,100,Discontinued
Black Rice,Grains & Pulses,49,3,7,$6.25 ,75,46,Backordered
Green Tea,Beverages,26,59,54,$8.00 ,92,49,Active
Egg (Quail),Dairy,93,68,71,$0.80 ,30,37,Discontinued
Papaya,Fruits & Vegetables,81,16,69,$4.30 ,23,96,Backordered
Heavy Cream,Dairy,74,60,27,$4.00 ,99,68,Backordered
Black Tea,Beverages,19,78,90,$5.00 ,72,84,Discontinued
Short Grain Rice,Grains & Pulses,64,97,91,$3.00 ,48,100,Active
Bell Pepper,Fruits & Vegetables,49,93,15,$4.50 ,52,31,Backordered
Parmesan Cheese,Dairy,99,10,88,$12.00 ,69,98,Active
Buttermilk,Dairy,60,1,42,$2.45 ,42,91,Active
Cabbage,Fruits & Vegetables,90,1,40,$0.90 ,52,19,Discontinued
Haddock,Seafood,79,53,12,$9.00 ,45,95,Discontinued
Egg (Chicken),Dairy,22,58,2,$0.20 ,33,68,Active
Brown Rice,Grains & Pulses,51,47,6,$2.50 ,53,4,Backordered
Arabica Coffee,Beverages,65,63,41,$20.00 ,28,26,Backordered
Whipped Cream,Dairy,55,25,87,$4.00 ,69,48,Backordered
White Rice,Grains & Pulses,18,86,20,$1.80 ,64,34,Discontinued
Parmesan Cheese,Dairy,37,3,45,$12.00 ,39,28,Discontinued
Salmon,Seafood,88,40,29,$15.00 ,96,87,Discontinued
Pineapple,Fruits & Vegetables,20,51,33,$3.50 ,80,41,Active
Bread Flour,Grains & Pulses,99,54,71,$1.50 ,80,10,Discontinued
Asparagus,Fruits & Vegetables,46,88,20,$4.80 ,59,79,Backordered
Wild Rice,Grains & Pulses,19,77,66,$10.00 ,62,100,Active
Yogurt,Dairy,12,83,93,$1.75 ,22,9,Backordered
Buttermilk,Dairy,69,98,89,$2.55 ,29,34,Discontinued
Egg (Duck),Dairy,63,38,77,$1.00 ,23,18,Active
Asparagus,Fruits & Vegetables,78,16,37,$4.70 ,25,96,Backordered
White Bread,Bakery,72,20,71,$2.50 ,87,68,Discontinued
Wild Rice,Grains & Pulses,58,24,25,$10.00 ,75,26,Active
Egg (Goose),Dairy,88,22,61,$2.50 ,54,100,Discontinued
White Rice,Grains & Pulses,54,53,33,$1.80 ,94,82,Backordered
Powdered Sugar,Grains & Pulses,64,10,100,$2.50 ,97,52,Active
Milk,Dairy,12,54,48,$1.00 ,31,88,Backordered
Mango,Fruits & Vegetables,61,14,49,$5.20 ,74,35,Discontinued
Oatmeal Biscuit,Bakery,28,62,81,$5.00 ,28,30,Discontinued
Spinach,Fruits & Vegetables,23,6,40,$2.50 ,95,24,Backordered
Blueberries,Fruits & Vegetables,87,51,67,$10.00 ,55,100,Backordered
Robusta Coffee,Beverages,59,31,3,$10.00 ,48,51,Active
Watermelon,Fruits & Vegetables,13,88,11,$3.00 ,100,52,Backordered
Pomegranate,Fruits & Vegetables,81,87,15,$6.00 ,94,10,Backordered
White Bread,Bakery,61,77,45,$2.50 ,51,48,Backordered
Carrot,Fruits & Vegetables,80,91,36,$1.50 ,81,74,Active
Brown Rice,Grains & Pulses,39,57,54,$2.50 ,77,32,Active
Cabbage,,69,21,68,$66.55 ,36,35,Discontinued
Egg (Goose),Dairy,60,43,32,$2.50 ,77,60,Active
Sour Cream,Dairy,22,43,3,$4.10 ,45,87,Backordered
Almond Flour,Grains & Pulses,79,47,51,$9.50 ,83,69,Discontinued
Broccoli,Fruits & Vegetables,47,63,86,$4.00 ,76,29,Active
Jasmine Rice,Grains & Pulses,20,25,73,$4.75 ,78,1,Discontinued
Gouda Cheese,Dairy,41,22,11,$7.00 ,86,30,Active
Tilapia,Seafood,46,80,88,$7.00 ,62,22,Discontinued
Palm Oil,Oils & Fats,67,57,36,$1.80 ,78,60,Active
Arborio Rice,Grains & Pulses,51,19,96,$4.50 ,73,42,Active
White Sugar,Grains & Pulses,42,12,28,$2.00 ,80,8,Discontinued
Sesame Oil,Oils & Fats,85,86,21,$6.50 ,78,53,Backordered
Sunflower Oil,Oils & Fats,23,43,75,$2.50 ,91,86,Discontinued
Bell Pepper,Fruits & Vegetables,84,26,37,$4.50 ,46,67,Backordered
Greek Yogurt,Fruits & Vegetables,28,38,23,$42.58 ,48,56,Backordered
White Bread,Bakery,62,49,38,$2.50 ,42,44,Discontinued
Egg (Goose),Dairy,65,94,4,$2.50 ,66,36,Backordered
Lime,Fruits & Vegetables,18,8,68,$2.00 ,54,45,Backordered
Egg (Chicken),Dairy,70,29,24,$0.20 ,62,55,Backordered
Vegetable Oil,Oils & Fats,23,71,32,$2.00 ,63,23,Discontinued
Jasmine Rice,Grains & Pulses,26,83,24,$4.75 ,75,12,Backordered
Robusta Coffee,Beverages,20,42,45,$10.00 ,72,28,Discontinued
Mozzarella Cheese,Dairy,55,58,6,$7.20 ,48,17,Discontinued
Whole Wheat Flour,Grains & Pulses,82,67,67,$2.75 ,26,1,Backordered
Salmon,Seafood,73,12,28,$15.00 ,89,92,Active
White Tea,Beverages,81,83,36,$25.00 ,74,86,Backordered
Onion,Fruits & Vegetables,20,65,61,$2.00 ,51,78,Active
Black Coffee,Beverages,78,38,27,$15.00 ,54,42,Active
Butter Biscuit,Bakery,84,58,28,$6.00 ,51,12,Active
Corn Oil,Oils & Fats,32,38,23,$2.50 ,52,11,Discontinued
Coconut Oil,Oils & Fats,90,75,6,$5.00 ,55,64,Active
Evaporated Milk,Dairy,70,81,75,$2.00 ,24,54,Backordered
Bell Pepper,Fruits & Vegetables,90,22,20,$4.50 ,81,88,Backordered
Lettuce,Fruits & Vegetables,100,7,14,$2.00 ,26,33,Backordered
Brown Rice,Grains & Pulses,89,54,15,$2.50 ,64,63,Active
Whole Wheat Flour,Grains & Pulses,38,43,28,$2.70 ,34,54,Backordered
Rye Bread,Bakery,61,20,29,$3.00 ,71,97,Backordered
Orange,Fruits & Vegetables,75,48,25,$3.00 ,96,65,Backordered
Multigrain Bread,Bakery,87,70,77,$3.20 ,73,44,Active
Bread Flour,Grains & Pulses,71,77,30,$1.50 ,34,57,Backordered
Haddock,Seafood,98,100,34,$9.00 ,53,20,Active
Green Beans,Fruits & Vegetables,19,92,41,$2.00 ,51,79,Active
Coconut,Fruits & Vegetables,85,90,16,$5.00 ,61,80,Backordered
Apple,Fruits & Vegetables,71,36,45,$3.50 ,87,2,Backordered
Brown Rice,Grains & Pulses,44,48,77,$2.50 ,67,79,Discontinued
Rice Flour,Grains & Pulses,25,95,71,$2.00 ,24,76,Backordered
Peanut Oil,Oils & Fats,24,14,5,$4.00 ,98,9,Active
Anchovies,Seafood,44,97,76,$10.00 ,80,33,Discontinued
Powdered Sugar,Grains & Pulses,63,4,46,$2.50 ,40,69,Discontinued
Palm Oil,Oils & Fats,69,59,29,$1.80 ,63,91,Active
Tuna,Seafood,88,71,9,$18.00 ,28,14,Backordered
Robusta Coffee,Beverages,74,2,45,$10.00 ,37,99,Active
Bell Pepper,Fruits & Vegetables,98,43,9,$4.50 ,86,62,Backordered
Egg (Chicken),Dairy,22,19,4,$0.20 ,88,24,Discontinued
Apricot,Fruits & Vegetables,55,96,40,$5.00 ,23,47,Discontinued
Ricotta Cheese,Dairy,96,80,20,$6.10 ,94,49,Discontinued
Feta Cheese,Dairy,91,7,64,$7.00 ,32,65,Discontinued
Digestive Biscuit,Bakery,40,91,24,$4.00 ,28,47,Discontinued
Salmon,Seafood,52,46,12,$15.00 ,43,34,Backordered
Lettuce,Fruits & Vegetables,22,22,65,$2.00 ,62,78,Backordered
Black Rice,Grains & Pulses,98,41,98,$6.35 ,70,75,Backordered
Whole Wheat Flour,Grains & Pulses,59,73,86,$2.75 ,32,56,Backordered
Chocolate Biscuit,Bakery,99,3,79,$5.00 ,65,16,Backordered
Black Tea,Beverages,18,36,53,$5.30 ,65,100,Active
Watermelon,Fruits & Vegetables,58,12,99,$3.00 ,71,30,Active
Black Rice,Grains & Pulses,30,34,96,$6.30 ,61,13,Backordered
Papaya,Fruits & Vegetables,97,97,71,$4.50 ,53,31,Active
Egg (Goose),Dairy,50,93,37,$2.45 ,78,79,Backordered
Cheddar Cheese,Dairy,70,96,35,$9.00 ,63,84,Backordered
Blueberries,Fruits & Vegetables,40,61,47,$10.00 ,76,10,Discontinued
Corn Oil,Oils & Fats,75,23,34,$2.50 ,100,54,Backordered
Strawberries,Fruits & Vegetables,26,97,12,$6.00 ,94,58,Discontinued
Arabica Coffee,Beverages,13,55,77,$20.00 ,67,68,Backordered
Plum,Fruits & Vegetables,11,58,32,$4.00 ,99,94,Active
Salmon,Seafood,98,67,49,$15.00 ,21,61,Active
Broccoli,Fruits & Vegetables,35,4,76,$4.00 ,90,30,Discontinued
Mackerel,Seafood,45,56,64,$7.50 ,35,82,Discontinued
Kale,Fruits & Vegetables,47,22,69,$4.00 ,26,59,Backordered
Sesame Oil,Oils & Fats,89,66,28,$6.50 ,39,25,Active
Black Coffee,Beverages,33,22,94,$15.00 ,96,56,Discontinued
Apricot,Fruits & Vegetables,90,30,42,$5.00 ,76,69,Backordered
Jasmine Rice,Grains & Pulses,44,26,60,$4.75 ,63,59,Discontinued
Wild Rice,Grains & Pulses,41,56,12,$9.75 ,93,88,Active
Potato,Fruits & Vegetables,72,58,69,$1.20 ,96,23,Backordered
Egg (Goose),Dairy,72,58,52,$2.40 ,36,14,Active
Black Coffee,Beverages,40,30,60,$15.00 ,33,84,Active
Whole Wheat Bread,Bakery,36,53,92,$3.50 ,67,43,Backordered
Vegetable Oil,Oils & Fats,51,87,86,$2.00 ,24,83,Backordered
Black Coffee,Beverages,87,91,23,$14.90 ,90,75,Backordered
Pear,Fruits & Vegetables,79,37,98,$4.50 ,33,20,Discontinued
Tilapia,Seafood,14,52,80,$6.80 ,64,17,Discontinued
Orange,Fruits & Vegetables,81,35,82,$3.00 ,86,71,Backordered
Lime,Fruits & Vegetables,75,18,65,$2.00 ,32,92,Active
Gouda Cheese,Dairy,48,12,62,$7.00 ,59,23,Active
Onion,Fruits & Vegetables,50,68,90,$2.00 ,40,13,Discontinued
Haddock,Seafood,11,87,43,$9.00 ,86,91,Active
Almond Flour,Grains & Pulses,74,22,91,$9.50 ,24,12,Active
Tomato,Fruits & Vegetables,11,10,60,$2.50 ,93,53,Discontinued
Heavy Cream,Dairy,85,15,30,$4.00 ,95,63,Active
Cauliflower,Fruits & Vegetables,57,43,46,$2.50 ,87,88,Discontinued
Lime,Fruits & Vegetables,75,56,57,$1.90 ,63,64,Discontinued
Egg (Turkey),Dairy,63,7,23,$2.35 ,78,100,Active
White Tea,Beverages,35,20,42,$25.25 ,53,56,Discontinued
Cabbage,Fruits & Vegetables,24,32,17,$1.00 ,55,72,Discontinued
Jasmine Rice,Grains & Pulses,53,26,3,$4.75 ,100,94,Active
Butter Biscuit,Bakery,74,81,41,$6.00 ,51,67,Active
Brown Rice,Grains & Pulses,79,38,67,$2.50 ,43,93,Discontinued
Bread Flour,Grains & Pulses,54,78,81,$1.50 ,41,63,Backordered
Palm Oil,Oils & Fats,44,83,78,$1.80 ,46,4,Discontinued
Almond Flour,Grains & Pulses,77,19,31,$9.50 ,27,25,Backordered
Apricot,Fruits & Vegetables,42,61,52,$5.00 ,86,99,Backordered
Sweet Potato,Fruits & Vegetables,44,77,45,$2.00 ,89,64,Discontinued
Sour Cream,Dairy,81,76,10,$4.00 ,68,100,Backordered
Black Rice,Grains & Pulses,92,48,22,$6.25 ,38,61,Backordered
Salmon,Seafood,78,68,86,$15.00 ,47,95,Discontinued
Heavy Cream,Dairy,85,66,85,$4.20 ,65,58,Discontinued
Pomegranate,Fruits & Vegetables,65,69,4,$6.00 ,80,26,Active
Olive Oil,Oils & Fats,36,3,54,$6.00 ,74,8,Discontinued
Potato,Fruits & Vegetables,26,63,88,$1.20 ,84,70,Active
Sunflower Oil,Oils & Fats,39,13,13,$2.50 ,84,93,Active
White Sugar,Grains & Pulses,39,83,21,$2.00 ,73,88,Active
Cabbage,Fruits & Vegetables,83,61,4,$1.00 ,35,7,Backordered
Cucumber,Fruits & Vegetables,28,5,9,$1.80 ,33,9,Discontinued
Tuna,Seafood,85,17,96,$18.00 ,92,34,Discontinued
Lime,Fruits & Vegetables,76,39,15,$2.00 ,77,70,Backordered
Tomato,Fruits & Vegetables,100,64,62,$2.50 ,84,44,Discontinued
Pomegranate,Fruits & Vegetables,17,45,44,$6.00 ,37,16,Active
Anchovies,Seafood,51,35,95,$10.00 ,80,89,Backordered
Grapes,Fruits & Vegetables,54,88,43,$5.50 ,81,77,Backordered
Sourdough Bread,Bakery,94,56,80,$4.00 ,47,96,Backordered
Asparagus,Fruits & Vegetables,34,95,18,$5.00 ,41,26,Discontinued
Herbal Tea,Beverages,27,1,3,$30.00 ,34,63,Backordered
All-Purpose Flour,Grains & Pulses,50,42,20,$1.75 ,87,59,Active
Almond Flour,Grains & Pulses,85,12,94,$9.50 ,26,32,Discontinued
Rice Flour,Grains & Pulses,24,2,49,$2.00 ,98,82,Active
Halibut,Seafood,82,31,86,$20.00 ,66,74,Active
Apple,Fruits & Vegetables,17,14,17,$3.50 ,36,64,Discontinued
Canola Oil,Oils & Fats,25,97,63,$2.30 ,72,23,Discontinued
Tilapia,Seafood,56,59,87,$7.00 ,65,45,Active
Evaporated Milk,Dairy,72,3,10,$2.00 ,52,14,Backordered
Mushrooms,Fruits & Vegetables,65,42,62,$6.30 ,54,2,Active
Grapes,Fruits & Vegetables,30,66,28,$5.50 ,63,98,Active
Onion,Fruits & Vegetables,39,37,48,$2.00 ,25,19,Active
Pineapple,Fruits & Vegetables,14,81,65,$3.50 ,74,84,Active
Carrot,Fruits & Vegetables,74,37,57,$1.50 ,91,18,Active
Parmesan Cheese,Dairy,63,41,98,$11.90 ,37,7,Active
Peach,Fruits & Vegetables,47,67,57,$4.00 ,36,48,Backordered
Egg (Turkey),Dairy,42,94,79,$2.50 ,61,92,Backordered
Tomato,Fruits & Vegetables,32,49,73,$2.50 ,80,36,Discontinued
Lettuce,Fruits & Vegetables,88,56,72,$2.00 ,25,36,Active
Yogurt,Dairy,80,69,71,$1.75 ,41,43,Backordered
Orange,Fruits & Vegetables,36,59,90,$3.00 ,25,60,Discontinued
Bread Flour,Grains & Pulses,11,77,7,$1.50 ,77,46,Backordered
Peach,Fruits & Vegetables,40,83,50,$4.00 ,92,50,Active
Bread Flour,Grains & Pulses,63,43,8,$1.50 ,55,72,Active
Raw Sugar,Grains & Pulses,90,75,43,$1.50 ,80,57,Discontinued
Multigrain Bread,Bakery,47,26,40,$3.25 ,30,72,Active
Digestive Biscuit,Bakery,29,2,84,$4.00 ,80,85,Backordered
Peach,Fruits & Vegetables,94,69,68,$4.00 ,24,20,Discontinued
Mango,Fruits & Vegetables,32,63,92,$4.90 ,84,34,Discontinued
Plum,Fruits & Vegetables,40,3,5,$4.00 ,45,69,Discontinued
Egg (Goose),Dairy,50,66,1,$2.50 ,76,73,Active
Cod,Seafood,72,29,10,$8.00 ,54,38,Discontinued
Pomegranate,Fruits & Vegetables,22,35,55,$6.00 ,41,27,Active
Chocolate Biscuit,Bakery,23,76,70,$5.00 ,97,38,Backordered
Halibut,Seafood,35,72,70,$20.00 ,74,15,Backordered
Cucumber,Fruits & Vegetables,12,93,29,$1.75 ,45,12,Backordered
Cheddar Cheese,Dairy,86,23,1,$9.00 ,100,86,Backordered
Mackerel,Seafood,91,96,90,$7.50 ,90,75,Backordered
Evaporated Milk,Dairy,23,99,97,$2.00 ,68,76,Discontinued
Onion,Fruits & Vegetables,98,40,100,$2.00 ,46,9,Active
Cherry,Fruits & Vegetables,29,66,21,$8.00 ,74,93,Discontinued
Coconut,Fruits & Vegetables,32,27,26,$5.00 ,38,79,Backordered
Pear,Fruits & Vegetables,84,74,48,$4.50 ,64,32,Backordered
Yogurt,Dairy,86,20,67,$1.75 ,83,82,Discontinued
Black Rice,Grains & Pulses,11,58,26,$6.20 ,49,34,Active
Whole Wheat Flour,Grains & Pulses,60,69,64,$2.75 ,51,6,Active
Whole Wheat Bread,Bakery,58,48,9,$3.50 ,98,69,Active
Ricotta Cheese,Dairy,64,95,62,$6.00 ,55,1,Discontinued
Canola Oil,Oils & Fats,19,80,87,$2.30 ,33,38,Backordered
Cherry,Fruits & Vegetables,43,41,100,$8.00 ,27,78,Active
Peanut Oil,Oils & Fats,38,62,47,$4.00 ,41,34,Discontinued
Buttermilk,Dairy,70,66,74,$2.50 ,47,77,Active
Asparagus,Fruits & Vegetables,18,3,39,$5.00 ,58,61,Backordered
Brown Rice,Grains & Pulses,46,81,47,$2.50 ,48,48,Active
Arabica Coffee,Beverages,78,34,39,$20.50 ,62,2,Active
Canola Oil,Oils & Fats,53,20,75,$2.30 ,83,77,Backordered
Haddock,Seafood,67,71,4,$9.00 ,76,34,Backordered
Egg (Chicken),Dairy,36,30,44,$0.20 ,68,88,Backordered
Whole Wheat Flour,Grains & Pulses,39,53,64,$2.75 ,92,8,Active
Sweet Potato,Fruits & Vegetables,95,87,13,$2.00 ,61,4,Backordered
Almond Flour,Grains & Pulses,12,56,92,$9.50 ,56,6,Active
Wild Rice,Grains & Pulses,98,30,39,$10.00 ,31,26,Active
Jasmine Rice,Grains & Pulses,50,14,99,$4.75 ,52,75,Active
Zucchini,Fruits & Vegetables,98,14,11,$2.50 ,48,38,Discontinued
Corn Oil,Oils & Fats,28,32,71,$2.50 ,32,49,Discontinued
Cucumber,Fruits & Vegetables,67,14,25,$1.80 ,81,77,Active
Onion,Fruits & Vegetables,20,93,37,$2.00 ,23,2,Discontinued
Trout,Seafood,67,83,90,$11.60 ,66,77,Active
Egg (Quail),Dairy,94,60,78,$0.80 ,100,42,Active
Black Tea,Beverages,45,58,84,$5.00 ,90,67,Active
Anchovies,Seafood,86,55,96,$10.00 ,37,53,Backordered
Wild Rice,Grains & Pulses,72,82,52,$9.75 ,51,95,Backordered
Green Beans,Fruits & Vegetables,31,61,28,$2.10 ,55,70,Active
Butter Biscuit,Bakery,12,7,23,$6.00 ,72,16,Discontinued
Gouda Cheese,Dairy,71,93,75,$7.00 ,77,58,Discontinued
Anchovies,Seafood,64,1,92,$10.00 ,49,15,Active
Coconut Oil,Oils & Fats,89,79,66,$5.00 ,91,31,Discontinued
Sesame Oil,Oils & Fats,50,36,96,$6.50 ,53,73,Backordered
Mango,Fruits & Vegetables,53,98,23,$5.00 ,41,84,Backordered
Haddock,Seafood,19,99,78,$9.00 ,29,54,Discontinued
Broccoli,Fruits & Vegetables,89,40,64,$4.00 ,93,48,Active
Cod,Seafood,96,12,8,$8.00 ,97,92,Active
Parmesan Cheese,Dairy,52,56,34,$12.00 ,31,69,Backordered
Sesame Oil,Oils & Fats,97,20,8,$6.50 ,51,51,Active
Halibut,Seafood,88,42,68,$20.00 ,92,29,Active
Jasmine Rice,Grains & Pulses,33,44,89,$4.75 ,93,19,Discontinued
Jasmine Rice,Grains & Pulses,98,20,81,$4.75 ,51,23,Backordered
Peach,Fruits & Vegetables,45,79,95,$4.00 ,84,62,Backordered
White Rice,Grains & Pulses,80,86,50,$1.80 ,46,69,Discontinued
Halibut,Seafood,68,43,96,$20.00 ,75,35,Backordered
Apricot,Fruits & Vegetables,90,91,62,$5.00 ,34,72,Active
Trout,Seafood,89,67,89,$12.00 ,96,42,Discontinued
Cucumber,Fruits & Vegetables,38,94,87,$1.80 ,89,100,Discontinued
Green Beans,Fruits & Vegetables,99,37,74,$2.10 ,46,46,Active
Powdered Sugar,Grains & Pulses,66,19,20,$2.40 ,30,49,Active
Pomegranate,Fruits & Vegetables,66,28,7,$6.00 ,85,6,Backordered
Bread Flour,Grains & Pulses,64,11,97,$1.50 ,33,83,Discontinued
Black Rice,Grains & Pulses,18,78,43,$6.00 ,85,97,Active
Whole Wheat Flour,Grains & Pulses,86,100,78,$2.75 ,52,91,Backordered
Black Tea,Beverages,35,88,87,$4.70 ,39,62,Active
Green Beans,Fruits & Vegetables,26,70,52,$2.00 ,36,10,Discontinued
Parmesan Cheese,Dairy,80,100,48,$12.00 ,100,28,Backordered
Zucchini,Fruits & Vegetables,63,56,33,$2.50 ,35,16,Backordered
Vanilla Biscuit,Bakery,89,22,23,$5.50 ,83,25,Discontinued
Sweet Potato,Fruits & Vegetables,80,60,71,$2.00 ,98,13,Active
Vegetable Oil,Oils & Fats,41,66,50,$2.00 ,55,74,Backordered
Chocolate Biscuit,Bakery,53,19,94,$5.00 ,82,56,Discontinued
Haddock,Seafood,61,91,40,$9.00 ,34,76,Active
Egg (Duck),Dairy,70,92,74,$1.00 ,95,26,Backordered
Mango,Fruits & Vegetables,73,69,1,$5.00 ,50,67,Active
Kale,Fruits & Vegetables,60,15,89,$4.00 ,21,29,Discontinued
Pomegranate,Fruits & Vegetables,88,24,44,$6.00 ,72,88,Backordered
Cauliflower,Fruits & Vegetables,95,6,59,$2.50 ,49,77,Active
Powdered Sugar,Grains & Pulses,47,30,16,$2.50 ,22,81,Active
Mozzarella Cheese,Dairy,24,1,65,$7.00 ,58,61,Active
Anchovies,Seafood,93,51,70,$10.00 ,81,18,Active
Sunflower Oil,Oils & Fats,80,24,60,$2.50 ,98,38,Active
Apple,Fruits & Vegetables,77,58,13,$3.50 ,63,28,Discontinued
Green Beans,Fruits & Vegetables,42,48,18,$2.00 ,39,57,Active
Egg (Turkey),Dairy,92,1,23,$2.50 ,78,36,Discontinued
Mushrooms,Fruits & Vegetables,81,23,17,$6.25 ,92,78,Active
Jasmine Rice,Grains & Pulses,46,39,11,$4.75 ,36,54,Active
Brown Rice,Grains & Pulses,44,67,31,$2.50 ,44,72,Discontinued
Multigrain Bread,Bakery,38,37,27,$3.50 ,45,88,Backordered
Evaporated Milk,Dairy,64,28,35,$2.00 ,74,50,Active
Long Grain Rice,Grains & Pulses,39,2,71,$1.45 ,20,70,Backordered
White Bread,Bakery,42,88,95,$2.50 ,67,94,Backordered
White Sugar,Grains & Pulses,29,54,54,$2.00 ,58,63,Backordered
Cucumber,Fruits & Vegetables,60,63,81,$1.80 ,74,31,Active
Parmesan Cheese,Dairy,65,54,29,$12.00 ,69,79,Backordered
Bell Pepper,Fruits & Vegetables,89,96,94,$4.50 ,38,96,Discontinued
Corn Oil,Oils & Fats,50,40,69,$2.50 ,28,98,Active
Bell Pepper,Fruits & Vegetables,94,18,84,$4.50 ,44,49,Discontinued
Canola Oil,Oils & Fats,97,32,43,$2.30 ,82,98,Active
Digestive Biscuit,Bakery,72,78,1,$4.00 ,85,30,Discontinued
Cream,Dairy,62,91,14,$2.50 ,41,77,Discontinued
Apple,Fruits & Vegetables,44,92,92,$3.50 ,41,61,Active
Peanut Oil,Oils & Fats,21,25,39,$4.00 ,79,30,Active
Coconut Sugar,Grains & Pulses,91,39,48,$5.00 ,48,18,Active
Tuna,Seafood,87,24,66,$18.00 ,22,34,Active
Spinach,Fruits & Vegetables,61,17,69,$2.52 ,31,29,Active
Carrot,Fruits & Vegetables,61,81,99,$1.50 ,26,76,Discontinued
Sweet Potato,Fruits & Vegetables,49,1,28,$2.00 ,97,95,Active
Lemon,Fruits & Vegetables,87,1,98,$2.50 ,61,84,Discontinued
Multigrain Bread,Bakery,93,55,95,$3.25 ,56,72,Backordered
Basmati Rice,Grains & Pulses,55,13,71,$4.45 ,37,4,Backordered
Sour Cream,Dairy,29,39,80,$4.00 ,23,85,Backordered
Egg (Chicken),Dairy,63,62,18,$0.20 ,67,17,Active
Potato,Fruits & Vegetables,42,69,54,$1.20 ,43,96,Active
Onion,Fruits & Vegetables,74,4,39,$2.00 ,97,24,Backordered
Short Grain Rice,Grains & Pulses,22,77,15,$3.00 ,68,46,Active
Egg (Chicken),Dairy,83,35,43,$0.20 ,94,68,Discontinued
Wild Rice,Grains & Pulses,32,91,80,$10.00 ,69,80,Discontinued
Apple,Fruits & Vegetables,84,46,80,$3.50 ,66,84,Discontinued
Plum,Fruits & Vegetables,22,56,72,$4.00 ,70,39,Discontinued
Peas,Fruits & Vegetables,100,52,2,$3.00 ,86,70,Backordered
Cheddar Cheese,Dairy,36,77,49,$9.00 ,30,84,Active
Halibut,Seafood,14,67,65,$20.00 ,71,94,Discontinued
White Sugar,Grains & Pulses,38,82,17,$2.00 ,52,47,Discontinued
Eggplant,Fruits & Vegetables,97,52,80,$3.00 ,22,90,Backordered
Green Tea,Beverages,64,66,28,$8.00 ,25,52,Discontinued
Lime,Fruits & Vegetables,14,75,19,$1.90 ,100,84,Backordered
Avocado Oil,Oils & Fats,24,89,27,$10.00 ,99,1,Discontinued
Tilapia,Seafood,100,61,21,$7.00 ,85,79,Backordered
Jasmine Rice,Grains & Pulses,62,36,96,$4.75 ,31,25,Discontinued
Basmati Rice,Grains & Pulses,71,60,62,$4.50 ,60,63,Discontinued
Parmesan Cheese,Dairy,38,67,66,$12.00 ,35,24,Discontinued
Powdered Sugar,Grains & Pulses,88,34,94,$2.40 ,95,63,Active
Sourdough Bread,Bakery,40,30,65,$4.50 ,54,29,Active
Spinach,Fruits & Vegetables,88,78,17,$2.50 ,58,21,Active
Cheddar Cheese,Dairy,60,9,89,$9.00 ,95,63,Active
Cabbage,Fruits & Vegetables,94,90,12,$0.90 ,98,71,Active
Avocado Oil,Oils & Fats,30,48,52,$10.00 ,22,78,Active
Papaya,Fruits & Vegetables,19,28,83,$4.50 ,91,73,Discontinued
